{
  "Standard Resolution (800x600)": {
    "cpu": {
      "avg": 3.7755935192108154,
      "min": 3.7602758407592773,
      "max": 3.796875476837158,
      "runs": [
        3.796875476837158,
        3.7602758407592773,
        3.7696292400360107
      ],
      "description": "C++ CPU"
    },
    "cuda": {
      "avg": 0.4163702328999837,
      "min": 0.4018290042877197,
      "max": 0.440840482711792,
      "runs": [
        0.440840482711792,
        0.40644121170043945,
        0.4018290042877197
      ],
      "description": "CUDA GPU"
    },
    "numba": {
      "avg": 4.1486960252126055,
      "min": 4.108483791351318,
      "max": 4.194674491882324,
      "runs": [
        4.194674491882324,
        4.142929792404175,
        4.108483791351318
      ],
      "description": "Numba Python"
    },
    "openacc": {
      "avg": 0.46653016408284503,
      "min": 0.4647397994995117,
      "max": 0.46801233291625977,
      "runs": [
        0.46683835983276367,
        0.4647397994995117,
        0.46801233291625977
      ],
      "description": "OpenACC"
    }
  },
  "Small Resolution (400x300)": {
    "cpu": {
      "avg": 0.9508048534393311,
      "min": 0.946239709854126,
      "max": 0.9583415985107422,
      "runs": [
        0.9583415985107422,
        0.9493138790130615,
        0.9515080451965332,
        0.946239709854126,
        0.9486210346221924
      ],
      "description": "C++ CPU"
    },
    "cuda": {
      "avg": 0.24165492057800292,
      "min": 0.23592829704284668,
      "max": 0.2613546848297119,
      "runs": [
        0.2613546848297119,
        0.23637938499450684,
        0.23627758026123047,
        0.23833465576171875,
        0.23592829704284668
      ],
      "description": "CUDA GPU"
    },
    "numba": {
      "avg": 1.666067886352539,
      "min": 1.578953504562378,
      "max": 1.7486846446990967,
      "runs": [
        1.7486846446990967,
        1.6730725765228271,
        1.578953504562378,
        1.6785998344421387,
        1.6510288715362549
      ],
      "description": "Numba Python"
    },
    "openacc": {
      "avg": 0.12430510520935059,
      "min": 0.1238393783569336,
      "max": 0.12504816055297852,
      "runs": [
        0.12504816055297852,
        0.12434983253479004,
        0.1238393783569336,
        0.12424421310424805,
        0.12404394149780273
      ],
      "description": "OpenACC"
    }
  },
  "Simple Scene (800x600)": {
    "cpu": {
      "avg": 0.3754338264465332,
      "min": 0.3725159168243408,
      "max": 0.3800969123840332,
      "runs": [
        0.3744385242462158,
        0.37366318702697754,
        0.3725159168243408,
        0.37645459175109863,
        0.3800969123840332
      ],
      "description": "C++ CPU"
    },
    "cuda": {
      "avg": 0.40398273468017576,
      "min": 0.39678001403808594,
      "max": 0.4166715145111084,
      "runs": [
        0.4166715145111084,
        0.4019327163696289,
        0.40358996391296387,
        0.39678001403808594,
        0.4009394645690918
      ],
      "description": "CUDA GPU"
    },
    "numba": {
      "avg": 4.116166448593139,
      "min": 4.003471374511719,
      "max": 4.181185007095337,
      "runs": [
        4.181185007095337,
        4.150542497634888,
        4.109615802764893,
        4.003471374511719,
        4.136017560958862
      ],
      "description": "Numba Python"
    },
    "openacc": {
      "avg": 0.4001509189605713,
      "min": 0.3949103355407715,
      "max": 0.4043152332305908,
      "runs": [
        0.40064191818237305,
        0.3949103355407715,
        0.3988313674926758,
        0.4020557403564453,
        0.4043152332305908
      ],
      "description": "OpenACC"
    }
  },
  "Extreme Scene - 80 Spheres (800x600)": {
    "cpu": {
      "avg": 3.7986701329549155,
      "min": 3.7776060104370117,
      "max": 3.810359239578247,
      "runs": [
        3.8080451488494873,
        3.810359239578247,
        3.7776060104370117
      ],
      "description": "C++ CPU"
    },
    "cuda": {
      "avg": 0.4072994391123454,
      "min": 0.39853453636169434,
      "max": 0.42047572135925293,
      "runs": [
        0.42047572135925293,
        0.40288805961608887,
        0.39853453636169434
      ],
      "description": "CUDA GPU"
    },
    "numba": {
      "avg": 4.106506268183391,
      "min": 4.082258462905884,
      "max": 4.151317596435547,
      "runs": [
        4.151317596435547,
        4.08594274520874,
        4.082258462905884
      ],
      "description": "Numba Python"
    },
    "openacc": {
      "avg": 0.46609973907470703,
      "min": 0.46496081352233887,
      "max": 0.46768927574157715,
      "runs": [
        0.46496081352233887,
        0.4656491279602051,
        0.46768927574157715
      ],
      "description": "OpenACC"
    }
  }
}